[ {
  "uid" : "670556b9d6043539",
  "name" : "test_01_demo[case1]",
  "time" : {
    "start" : 1694503276594,
    "stop" : 1694503276893,
    "duration" : 299
  },
  "status" : "broken",
  "severity" : "normal"
}, {
  "uid" : "616c1a6be6a3d2f8",
  "name" : "test_01_demo[case2]",
  "time" : {
    "start" : 1694503277192,
    "stop" : 1694503277282,
    "duration" : 90
  },
  "status" : "passed",
  "severity" : "normal"
}, {
  "uid" : "d9576bd027cc7495",
  "name" : "test_01_demo[case0]",
  "time" : {
    "start" : 1694503275557,
    "stop" : 1694503276590,
    "duration" : 1033
  },
  "status" : "passed",
  "severity" : "normal"
}, {
  "uid" : "9b857337cffc3e61",
  "name" : "test_01_demo[case4]",
  "time" : {
    "start" : 1694503278256,
    "stop" : 1694503279388,
    "duration" : 1132
  },
  "status" : "passed",
  "severity" : "normal"
}, {
  "uid" : "49035b7f81028efd",
  "name" : "test_01_demo[case3]",
  "time" : {
    "start" : 1694503277286,
    "stop" : 1694503278251,
    "duration" : 965
  },
  "status" : "passed",
  "severity" : "normal"
} ]